Local time,Open,High,Low,Close,Volume
01.01.2021 00:00:00.000 GMT-0000,16.758,16.758,16.758,16.758,0
02.01.2021 00:00:00.000 GMT-0000,16.758,16.758,16.758,16.758,0
03.01.2021 00:00:00.000 GMT-0000,16.758,16.758,16.758,16.758,0
04.01.2021 00:00:00.000 GMT-0000,16.827,18.788,16.818,18.218,144550.4063
05.01.2021 00:00:00.000 GMT-0000,18.677,18.688,17.477,17.637,75590.1797
06.01.2021 00:00:00.000 GMT-0000,17.448,17.987,16.528,17.547,123245.0391
07.01.2021 00:00:00.000 GMT-0000,16.787,16.868,16.497,16.508,7940.3311
08.01.2021 00:00:00.000 GMT-0000,16.387,16.927,16.227,16.337,5072.0513
09.01.2021 00:00:00.000 GMT-0000,16.337,16.337,16.337,16.337,0
10.01.2021 00:00:00.000 GMT-0000,16.337,16.337,16.337,16.337,0
11.01.2021 00:00:00.000 GMT-0000,16.937,17.387,16.687,17.308,5751.1963
12.01.2021 00:00:00.000 GMT-0000,16.938,17.438,16.697,16.737,5335.1934
13.01.2021 00:00:00.000 GMT-0000,16.728,16.847,16.337,16.457,1837.0699
14.01.2021 00:00:00.000 GMT-0000,16.327,16.758,16.137,16.667,2292.094
15.01.2021 00:00:00.000 GMT-0000,16.928,17.488,16.677,17.087,6797.209
16.01.2021 00:00:00.000 GMT-0000,17.087,17.087,17.087,17.087,0
17.01.2021 00:00:00.000 GMT-0000,17.087,17.087,17.087,17.087,0
18.01.2021 00:00:00.000 GMT-0000,17.087,17.087,17.087,17.087,0
19.01.2021 00:00:00.000 GMT-0000,16.668,16.918,16.527,16.627,2689.1494
20.01.2021 00:00:00.000 GMT-0000,16.398,16.637,16.217,16.307,1094.3241
21.01.2021 00:00:00.000 GMT-0000,16.297,16.568,16.147,16.168,1783.0933
22.01.2021 00:00:00.000 GMT-0000,16.567,16.668,16.197,16.387,2134.1294
23.01.2021 00:00:00.000 GMT-0000,16.387,16.387,16.387,16.387,0
24.01.2021 00:00:00.000 GMT-0000,16.387,16.387,16.387,16.387,0
25.01.2021 00:00:00.000 GMT-0000,16.547,17.768,16.427,17.068,10023.4355
26.01.2021 00:00:00.000 GMT-0000,16.757,16.908,16.457,16.778,3613.1855
27.01.2021 00:00:00.000 GMT-0000,17.658,20.558,17.638,20.228,23960.4336
28.01.2021 00:00:00.000 GMT-0000,19.378,20.268,18.817,19.767,23757.959
29.01.2021 00:00:00.000 GMT-0000,20.288,21.747,19.178,20.858,37350.918
30.01.2021 00:00:00.000 GMT-0000,20.858,20.858,20.858,20.858,0
31.01.2021 00:00:00.000 GMT-0000,20.858,20.858,20.858,20.858,0
01.02.2021 00:00:00.000 GMT-0000,20.067,21.278,19.597,19.857,18469.6621
02.02.2021 00:00:00.000 GMT-0000,18.907,18.948,17.997,18.207,5453.1689
03.02.2021 00:00:00.000 GMT-0000,17.788,18.058,17.217,17.257,4101.1846
04.02.2021 00:00:00.000 GMT-0000,16.858,16.907,16.497,16.507,1803.3649
05.02.2021 00:00:00.000 GMT-0000,16.408,16.798,16.398,16.448,1422.0519
06.02.2021 00:00:00.000 GMT-0000,16.448,16.448,16.448,16.448,0
07.02.2021 00:00:00.000 GMT-0000,16.448,16.448,16.448,16.448,0
08.02.2021 00:00:00.000 GMT-0000,16.357,16.618,16.327,16.338,692.2802
09.02.2021 00:00:00.000 GMT-0000,16.537,16.658,16.2,16.388,665.7895
10.02.2021 00:00:00.000 GMT-0000,16.268,17.138,16.257,16.658,6328.9614
11.02.2021 00:00:00.000 GMT-0000,16.447,17.028,16.257,16.268,3302.3962
12.02.2021 00:00:00.000 GMT-0000,16.408,16.418,15.708,15.728,1574.0636
13.02.2021 00:00:00.000 GMT-0000,15.728,15.728,15.728,15.728,0
14.02.2021 00:00:00.000 GMT-0000,15.728,15.728,15.728,15.728,0
15.02.2021 00:00:00.000 GMT-0000,15.728,15.728,15.728,15.728,0
16.02.2021 00:00:00.000 GMT-0000,15.808,16.078,15.587,15.897,3544.9006
17.02.2021 00:00:00.000 GMT-0000,16.148,16.417,15.527,15.567,6259.7129
18.02.2021 00:00:00.000 GMT-0000,16.018,16.208,15.497,15.658,5665.1729
19.02.2021 00:00:00.000 GMT-0000,15.508,15.548,14.918,15.078,3562.6274
20.02.2021 00:00:00.000 GMT-0000,15.078,15.078,15.078,15.078,0
21.02.2021 00:00:00.000 GMT-0000,15.078,15.078,15.078,15.078,0
22.02.2021 00:00:00.000 GMT-0000,15.597,15.728,15.147,15.708,2741.3652
23.02.2021 00:00:00.000 GMT-0000,15.797,16.588,15.057,15.058,8098.6826
24.02.2021 00:00:00.000 GMT-0000,15.467,15.628,14.438,14.477,3931.8269
25.02.2021 00:00:00.000 GMT-0000,14.788,17.188,14.548,16.778,18738.9297
26.02.2021 00:00:00.000 GMT-0000,16.078,17.278,15.647,15.998,21194.1992
27.02.2021 00:00:00.000 GMT-0000,15.998,15.998,15.998,15.998,0
28.02.2021 00:00:00.000 GMT-0000,15.998,15.998,15.998,15.998,0
01.03.2021 00:00:00.000 GMT-0000,15.057,15.068,14.647,14.848,1445.0245
02.03.2021 00:00:00.000 GMT-0000,14.858,15.037,14.657,14.957,3478.283
03.03.2021 00:00:00.000 GMT-0000,14.847,15.608,14.727,15.607,8759.0488
04.03.2021 00:00:00.000 GMT-0000,15.417,16.958,15.078,16.247,20402.1133
05.03.2021 00:00:00.000 GMT-0000,15.647,16.737,15.058,15.127,14216.0625
06.03.2021 00:00:00.000 GMT-0000,15.127,15.127,15.127,15.127,0
07.03.2021 00:00:00.000 GMT-0000,15.127,15.127,15.127,15.127,0
08.03.2021 00:00:00.000 GMT-0000,15.137,15.508,14.818,15.378,5733.7725
09.03.2021 00:00:00.000 GMT-0000,14.957,15.028,14.587,14.767,1078.5071
10.03.2021 00:00:00.000 GMT-0000,14.367,14.687,14.367,14.577,1529.7582
11.03.2021 00:00:00.000 GMT-0000,14.348,14.368,14.117,14.207,309.002
12.03.2021 00:00:00.000 GMT-0000,14.478,14.517,13.947,13.947,811.2543
13.03.2021 00:00:00.000 GMT-0000,13.947,13.947,13.947,13.947,0
14.03.2021 00:00:00.000 GMT-0000,13.947,13.947,13.947,13.947,0
15.03.2021 00:00:00.000 GMT-0000,13.898,14.008,13.108,13.137,828.006
16.03.2021 00:00:00.000 GMT-0000,13.137,13.168,12.767,13.148,704.2547
17.03.2021 00:00:00.000 GMT-0000,13.297,13.368,12.568,12.577,1646.0131
18.03.2021 00:00:00.000 GMT-0000,12.837,13.398,12.597,13.277,2731.2695
19.03.2021 00:00:00.000 GMT-0000,13.198,13.548,12.697,12.778,3011.0208
20.03.2021 00:00:00.000 GMT-0000,12.778,12.778,12.778,12.778,0
21.03.2021 00:00:00.000 GMT-0000,12.778,12.778,12.778,12.778,0
22.03.2021 00:00:00.000 GMT-0000,12.607,12.677,11.847,11.938,701.0059
23.03.2021 00:00:00.000 GMT-0000,12.008,12.718,11.977,12.497,1971.0377
24.03.2021 00:00:00.000 GMT-0000,12.227,12.608,11.988,12.608,2100.0317
25.03.2021 00:00:00.000 GMT-0000,12.678,13.288,12.157,12.218,5111.0767
26.03.2021 00:00:00.000 GMT-0000,11.998,12.478,11.597,11.717,2055.0227
27.03.2021 00:00:00.000 GMT-0000,11.717,11.717,11.717,11.717,0
28.03.2021 00:00:00.000 GMT-0000,11.717,11.717,11.717,11.717,0
29.03.2021 01:00:00.000 GMT+0100,12.008,12.357,11.888,11.998,2383.0286
30.03.2021 01:00:00.000 GMT+0100,12.008,12.148,11.477,11.477,1437.0166
31.03.2021 01:00:00.000 GMT+0100,11.368,11.638,11.187,11.408,796.0073
01.04.2021 01:00:00.000 GMT+0100,11.247,11.308,10.967,11.057,380.0043
02.04.2021 01:00:00.000 GMT+0100,11.057,11.057,11.057,11.057,0
03.04.2021 01:00:00.000 GMT+0100,11.057,11.057,11.057,11.057,0
04.04.2021 01:00:00.000 GMT+0100,11.057,11.057,11.057,11.057,0
05.04.2021 01:00:00.000 GMT+0100,10.707,10.887,10.667,10.757,323.0077
06.04.2021 01:00:00.000 GMT+0100,10.748,10.838,10.578,10.778,434.015
07.04.2021 01:00:00.000 GMT+0100,10.757,10.797,10.437,10.487,472.011
08.04.2021 01:00:00.000 GMT+0100,10.327,10.427,10.228,10.338,326.009
09.04.2021 01:00:00.000 GMT+0100,10.407,10.478,10.137,10.308,262.006
10.04.2021 01:00:00.000 GMT+0100,10.308,10.308,10.308,10.308,0
11.04.2021 01:00:00.000 GMT+0100,10.308,10.308,10.308,10.308,0
12.04.2021 01:00:00.000 GMT+0100,10.388,10.578,10.157,10.168,377.011
13.04.2021 01:00:00.000 GMT+0100,10.168,10.208,9.997,10.068,332.003
14.04.2021 01:00:00.000 GMT+0100,10.128,10.328,10.037,10.297,721.014
15.04.2021 01:00:00.000 GMT+0100,10.048,10.097,9.907,9.958,258.007
16.04.2021 01:00:00.000 GMT+0100,9.957,10.028,9.728,9.797,211.002
17.04.2021 01:00:00.000 GMT+0100,9.797,9.797,9.797,9.797,0
18.04.2021 01:00:00.000 GMT+0100,9.797,9.797,9.797,9.797,0
19.04.2021 01:00:00.000 GMT+0100,9.877,10.438,9.847,10.158,1094.019
20.04.2021 01:00:00.000 GMT+0100,10.287,10.738,10.207,10.377,1600.0231
21.04.2021 01:00:00.000 GMT+0100,10.438,10.568,9.786,9.827,583.017
22.04.2021 01:00:00.000 GMT+0100,9.817,10.627,9.766,10.417,3066.0481
23.04.2021 01:00:00.000 GMT+0100,41.356,41.567,39.277,40.086,11750.8633
24.04.2021 01:00:00.000 GMT+0100,40.086,40.086,40.086,40.086,0
25.04.2021 01:00:00.000 GMT+0100,40.086,40.086,40.086,40.086,0
26.04.2021 01:00:00.000 GMT+0100,39.726,40.417,39.626,39.827,8187.646
27.04.2021 01:00:00.000 GMT+0100,39.606,40.237,38.836,39.006,13391.5557
28.04.2021 01:00:00.000 GMT+0100,38.827,39.387,38.486,38.847,14649.8447
29.04.2021 01:00:00.000 GMT+0100,38.106,40.157,37.996,38.586,23238.8848
30.04.2021 01:00:00.000 GMT+0100,39.406,40.517,38.917,40.117,27180.0762
01.05.2021 01:00:00.000 GMT+0100,40.117,40.117,40.117,40.117,0
02.05.2021 01:00:00.000 GMT+0100,40.117,40.117,40.117,40.117,0
03.05.2021 01:00:00.000 GMT+0100,39.136,39.607,38.696,38.726,15429.832
04.05.2021 01:00:00.000 GMT+0100,39.737,42.377,39.456,40.196,46736.5664
05.05.2021 01:00:00.000 GMT+0100,39.497,40.407,38.476,39.177,21274.9668
06.05.2021 01:00:00.000 GMT+0100,39.297,40.877,38.816,38.967,37054.9961
07.05.2021 01:00:00.000 GMT+0100,38.907,39.007,36.566,36.737,15973.4785
08.05.2021 01:00:00.000 GMT+0100,36.737,36.737,36.737,36.737,0
09.05.2021 01:00:00.000 GMT+0100,36.737,36.737,36.737,36.737,0
10.05.2021 01:00:00.000 GMT+0100,36.627,38.386,36.036,38.336,25799.8926
11.05.2021 01:00:00.000 GMT+0100,40.476,42.137,39.296,41.177,64310.0742
12.05.2021 01:00:00.000 GMT+0100,42.717,49.937,42.656,48.266,98473.6016
13.05.2021 01:00:00.000 GMT+0100,45.676,45.676,42.437,43.736,74826.4063
14.05.2021 01:00:00.000 GMT+0100,41.426,41.466,38.216,38.577,19579.0645
15.05.2021 01:00:00.000 GMT+0100,38.577,38.577,38.577,38.577,0
16.05.2021 01:00:00.000 GMT+0100,38.577,38.577,38.577,38.577,0
17.05.2021 01:00:00.000 GMT+0100,39.367,41.407,38.646,39.816,68177.625
18.05.2021 01:00:00.000 GMT+0100,39.376,40.597,38.416,40.447,36968.5977
19.05.2021 01:00:00.000 GMT+0100,43.076,46.307,42.037,42.287,100857.5078
20.05.2021 01:00:00.000 GMT+0100,41.177,41.746,39.596,39.986,31993.2969
21.05.2021 01:00:00.000 GMT+0100,39.316,39.996,38.846,39.467,36015.3828
22.05.2021 01:00:00.000 GMT+0100,39.467,39.467,39.467,39.467,0
23.05.2021 01:00:00.000 GMT+0100,39.467,39.467,39.467,39.467,0
24.05.2021 01:00:00.000 GMT+0100,38.637,38.697,37.296,37.696,12013.5098
25.05.2021 01:00:00.000 GMT+0100,37.467,38.347,37.367,37.717,24714.8496
26.05.2021 01:00:00.000 GMT+0100,37.146,37.257,35.747,35.866,13530.5801
27.05.2021 01:00:00.000 GMT+0100,35.457,35.517,33.926,34.116,12792.5967
28.05.2021 01:00:00.000 GMT+0100,33.817,34.736,33.656,34.657,9135.4346
29.05.2021 01:00:00.000 GMT+0100,34.657,34.657,34.657,34.657,0
30.05.2021 01:00:00.000 GMT+0100,34.657,34.657,34.657,34.657,0
31.05.2021 01:00:00.000 GMT+0100,34.657,34.657,34.657,34.657,0
01.06.2021 01:00:00.000 GMT+0100,33.846,35.547,33.666,35.487,23086.9648
02.06.2021 01:00:00.000 GMT+0100,35.097,35.446,34.096,34.607,16747.6738
03.06.2021 01:00:00.000 GMT+0100,35.636,36.177,34.716,35.247,27779.4355
04.06.2021 01:00:00.000 GMT+0100,34.106,34.127,33.246,33.386,7138.3271
05.06.2021 01:00:00.000 GMT+0100,33.386,33.386,33.386,33.386,0
06.06.2021 01:00:00.000 GMT+0100,33.386,33.386,33.386,33.386,0
07.06.2021 01:00:00.000 GMT+0100,33.356,33.687,32.716,32.756,9780.3379
08.06.2021 01:00:00.000 GMT+0100,32.597,33.867,32.516,33.147,12831.4102
09.06.2021 01:00:00.000 GMT+0100,32.787,33.896,32.756,33.687,12167.4316
10.06.2021 01:00:00.000 GMT+0100,32.777,32.967,31.636,31.707,13000.4609
11.06.2021 01:00:00.000 GMT+0100,31.056,31.157,30.576,30.786,9137.4023
12.06.2021 01:00:00.000 GMT+0100,30.786,30.786,30.786,30.786,0
13.06.2021 01:00:00.000 GMT+0100,30.786,30.786,30.786,30.786,0
14.06.2021 01:00:00.000 GMT+0100,30.716,31.677,30.637,31.086,10822.4248
15.06.2021 01:00:00.000 GMT+0100,31.206,32.017,31.096,31.757,13481.417
16.06.2021 01:00:00.000 GMT+0100,31.347,32.917,30.796,32.037,31423.75
17.06.2021 01:00:00.000 GMT+0100,32.126,32.577,30.766,31.857,36632.9844
18.06.2021 01:00:00.000 GMT+0100,33.357,34.867,32.496,34.686,59020.3672
19.06.2021 01:00:00.000 GMT+0100,34.686,34.686,34.686,34.686,0
20.06.2021 01:00:00.000 GMT+0100,34.686,34.686,34.686,34.686,0
21.06.2021 01:00:00.000 GMT+0100,33.406,34.466,32.026,32.507,26426.7988
22.06.2021 01:00:00.000 GMT+0100,32.737,32.877,30.856,30.856,13997.5322
23.06.2021 01:00:00.000 GMT+0100,30.467,30.607,29.966,30.246,11382.4258
24.06.2021 01:00:00.000 GMT+0100,29.486,29.857,29.406,29.696,5946.1919
25.06.2021 01:00:00.000 GMT+0100,29.557,29.887,29.146,29.157,6019.2197
26.06.2021 01:00:00.000 GMT+0100,29.157,29.157,29.157,29.157,0
27.06.2021 01:00:00.000 GMT+0100,29.157,29.157,29.157,29.157,0
28.06.2021 01:00:00.000 GMT+0100,28.937,29.617,28.836,29.137,6564.2114
29.06.2021 01:00:00.000 GMT+0100,28.956,29.836,28.886,29.737,5544.207
30.06.2021 01:00:00.000 GMT+0100,29.987,30.167,29.177,29.426,9953.3496
01.07.2021 01:00:00.000 GMT+0100,29.126,29.407,28.896,28.977,4865.21
02.07.2021 01:00:00.000 GMT+0100,28.247,29.087,28.056,28.897,4946.2939
03.07.2021 01:00:00.000 GMT+0100,28.897,28.897,28.897,28.897,0
04.07.2021 01:00:00.000 GMT+0100,28.897,28.897,28.897,28.897,0
05.07.2021 01:00:00.000 GMT+0100,28.897,28.897,28.897,28.897,0
06.07.2021 01:00:00.000 GMT+0100,28.627,30.437,28.626,29.547,16686.5625
07.07.2021 01:00:00.000 GMT+0100,29.246,30.616,29.186,29.627,15973.6396
08.07.2021 01:00:00.000 GMT+0100,32.186,32.457,31.026,31.497,36497.0078
09.07.2021 01:00:00.000 GMT+0100,30.586,30.786,29.276,29.426,8497.4121
10.07.2021 01:00:00.000 GMT+0100,29.426,29.426,29.426,29.426,0
11.07.2021 01:00:00.000 GMT+0100,29.426,29.426,29.426,29.426,0
12.07.2021 01:00:00.000 GMT+0100,29.477,29.647,29.026,29.237,4633.2422
13.07.2021 01:00:00.000 GMT+0100,29.237,29.696,28.596,29.556,13247.5176
14.07.2021 01:00:00.000 GMT+0100,28.876,29.956,28.647,28.866,15562.0059
15.07.2021 01:00:00.000 GMT+0100,29.656,30.007,29.137,29.327,23598.1172
16.07.2021 01:00:00.000 GMT+0100,28.667,30.606,28.506,30.516,25623.3047
17.07.2021 01:00:00.000 GMT+0100,30.516,30.516,30.516,30.516,0
18.07.2021 01:00:00.000 GMT+0100,30.516,30.516,30.516,30.516,0
19.07.2021 01:00:00.000 GMT+0100,32.287,37.036,32.026,34.936,84931.8828
20.07.2021 01:00:00.000 GMT+0100,34.587,35.217,31.526,31.906,26447.0996
21.07.2021 01:00:00.000 GMT+0100,31.237,31.357,29.856,29.897,10126.5293
22.07.2021 01:00:00.000 GMT+0100,30.086,30.937,29.696,30.447,19208.7129
23.07.2021 01:00:00.000 GMT+0100,29.776,30.427,29.736,30.316,9522.2061
24.07.2021 01:00:00.000 GMT+0100,30.316,30.316,30.316,30.316,0
25.07.2021 01:00:00.000 GMT+0100,30.316,30.316,30.316,30.316,0
26.07.2021 01:00:00.000 GMT+0100,30.647,31.057,29.856,29.856,10629.5928
27.07.2021 01:00:00.000 GMT+0100,30.506,32.406,30.506,30.846,48565.3789
28.07.2021 01:00:00.000 GMT+0100,30.486,31.416,29.536,29.976,31183.0723
29.07.2021 01:00:00.000 GMT+0100,29.807,29.816,29.276,29.487,7885.54
30.07.2021 01:00:00.000 GMT+0100,30.516,30.587,29.516,30.246,19572.9043
31.07.2021 01:00:00.000 GMT+0100,30.246,30.246,30.246,30.246,0
01.08.2021 01:00:00.000 GMT+0100,30.246,30.246,30.246,30.246,0
02.08.2021 01:00:00.000 GMT+0100,29.827,31.527,29.736,31.347,23390.0332
03.08.2021 01:00:00.000 GMT+0100,30.867,31.707,29.796,29.806,24113.8008
04.08.2021 01:00:00.000 GMT+0100,30.377,30.467,29.476,29.737,16014.7236
05.08.2021 01:00:00.000 GMT+0100,29.466,29.526,29.006,29.027,4526.3818
06.08.2021 01:00:00.000 GMT+0100,28.717,28.927,28.256,28.286,8651.877
07.08.2021 01:00:00.000 GMT+0100,28.286,28.286,28.286,28.286,0
08.08.2021 01:00:00.000 GMT+0100,28.286,28.286,28.286,28.286,0
09.08.2021 01:00:00.000 GMT+0100,28.247,28.537,27.766,27.966,4930.6602
10.08.2021 01:00:00.000 GMT+0100,27.676,27.917,27.226,27.507,8971.667
11.08.2021 01:00:00.000 GMT+0100,27.266,27.517,26.666,26.776,6655.582
12.08.2021 01:00:00.000 GMT+0100,26.907,27.037,25.936,26.206,5470.002
13.08.2021 01:00:00.000 GMT+0100,25.876,26.377,25.747,26.266,4588.3042
14.08.2021 01:00:00.000 GMT+0100,26.266,26.266,26.266,26.266,0
15.08.2021 01:00:00.000 GMT+0100,26.266,26.266,26.266,26.266,0
16.08.2021 01:00:00.000 GMT+0100,26.926,27.466,26.346,26.357,8503.4258
17.08.2021 01:00:00.000 GMT+0100,27.167,28.557,26.757,27.207,25287.5371
18.08.2021 01:00:00.000 GMT+0100,27.557,29.307,27.177,29.037,23930.25
19.08.2021 01:00:00.000 GMT+0100,30.407,30.887,28.916,29.977,58360.082
20.08.2021 01:00:00.000 GMT+0100,29.517,29.697,27.527,27.716,16565.5957
21.08.2021 01:00:00.000 GMT+0100,27.716,27.716,27.716,27.716,0
22.08.2021 01:00:00.000 GMT+0100,27.716,27.716,27.716,27.716,0
23.08.2021 01:00:00.000 GMT+0100,26.986,26.986,26.356,26.807,5432.2012
24.08.2021 01:00:00.000 GMT+0100,26.676,26.917,26.536,26.716,5446.2041
25.08.2021 01:00:00.000 GMT+0100,26.626,26.757,26.036,26.096,3391.165
26.08.2021 01:00:00.000 GMT+0100,26.516,27.567,26.256,27.217,21566.7852
27.08.2021 01:00:00.000 GMT+0100,26.827,26.836,25.636,25.816,8422.2891
28.08.2021 01:00:00.000 GMT+0100,25.816,25.816,25.816,25.816,0
29.08.2021 01:00:00.000 GMT+0100,25.816,25.816,25.816,25.816,0
30.08.2021 01:00:00.000 GMT+0100,25.556,25.877,25.417,25.566,3019.2053
31.08.2021 01:00:00.000 GMT+0100,25.697,25.967,25.436,25.466,7063.1353
01.09.2021 01:00:00.000 GMT+0100,25.277,25.537,24.646,24.816,5100.0898
02.09.2021 01:00:00.000 GMT+0100,24.537,25.247,24.506,24.756,5419.1323
03.09.2021 01:00:00.000 GMT+0100,25.207,25.417,24.717,24.996,7615.1885
04.09.2021 01:00:00.000 GMT+0100,24.996,24.996,24.996,24.996,0
05.09.2021 01:00:00.000 GMT+0100,24.996,24.996,24.996,24.996,0
06.09.2021 01:00:00.000 GMT+0100,24.996,24.996,24.996,24.996,0
07.09.2021 01:00:00.000 GMT+0100,25.106,25.786,25.086,25.527,8749.3652
08.09.2021 01:00:00.000 GMT+0100,26.006,26.437,25.437,25.497,17233.7559
09.09.2021 01:00:00.000 GMT+0100,25.687,26.147,24.946,26.066,17585.4414
10.09.2021 01:00:00.000 GMT+0100,25.157,27.186,24.916,27.097,17351.2012
11.09.2021 01:00:00.000 GMT+0100,27.097,27.097,27.097,27.097,0
12.09.2021 01:00:00.000 GMT+0100,27.097,27.097,27.097,27.097,0
13.09.2021 01:00:00.000 GMT+0100,25.887,27.306,25.756,26.057,28041.6309
14.09.2021 01:00:00.000 GMT+0100,25.667,26.886,25.506,26.416,19292.7012
15.09.2021 01:00:00.000 GMT+0100,25.957,26.526,25.227,25.426,11774.415
16.09.2021 01:00:00.000 GMT+0100,25.576,26.167,24.896,25.166,14457.4482
17.09.2021 01:00:00.000 GMT+0100,25.307,26.887,25.127,26.786,23550.8926
18.09.2021 01:00:00.000 GMT+0100,26.786,26.786,26.786,26.786,0
19.09.2021 01:00:00.000 GMT+0100,26.786,26.786,26.786,26.786,0
20.09.2021 01:00:00.000 GMT+0100,28.926,32.387,28.246,29.736,65852.8906
21.09.2021 01:00:00.000 GMT+0100,28.876,30.367,28.196,28.637,54559.4453
22.09.2021 01:00:00.000 GMT+0100,27.917,28.306,26.487,26.987,26687.5078
23.09.2021 01:00:00.000 GMT+0100,26.157,26.237,25.246,25.366,6590.0103
24.09.2021 01:00:00.000 GMT+0100,25.966,26.016,24.526,24.566,9041.0166
25.09.2021 01:00:00.000 GMT+0100,24.566,24.566,24.566,24.566,0
26.09.2021 01:00:00.000 GMT+0100,24.566,24.566,24.566,24.566,0
27.09.2021 01:00:00.000 GMT+0100,24.716,25.046,24.366,24.796,9646.1289
28.09.2021 01:00:00.000 GMT+0100,25.866,27.967,25.617,27.387,38851.168
29.09.2021 01:00:00.000 GMT+0100,27.236,28.027,26.906,27.807,19828.334
30.09.2021 01:00:00.000 GMT+0100,27.057,28.317,26.436,27.807,26484.0078
01.10.2021 01:00:00.000 GMT+0100,27.196,28.177,26.146,26.816,19763.1465
02.10.2021 01:00:00.000 GMT+0100,26.816,26.816,26.816,26.816,0
03.10.2021 01:00:00.000 GMT+0100,26.816,26.816,26.816,26.816,0
04.10.2021 01:00:00.000 GMT+0100,26.836,28.487,26.597,27.546,28669.6465
05.10.2021 01:00:00.000 GMT+0100,27.317,27.547,26.036,26.626,10344.3135
06.10.2021 01:00:00.000 GMT+0100,27.186,28.266,26.146,26.207,20490.4883
07.10.2021 01:00:00.000 GMT+0100,25.727,25.746,25.176,25.277,5065.4185
08.10.2021 01:00:00.000 GMT+0100,24.947,25.177,24.596,24.786,8416.9316
09.10.2021 01:00:00.000 GMT+0100,24.786,24.786,24.786,24.786,0
10.10.2021 01:00:00.000 GMT+0100,24.786,24.786,24.786,24.786,0
11.10.2021 01:00:00.000 GMT+0100,24.996,25.127,24.146,25.097,9063.21
12.10.2021 01:00:00.000 GMT+0100,24.686,25.177,24.326,24.576,13575.2754
13.10.2021 01:00:00.000 GMT+0100,24.456,24.967,24.096,24.147,9465.1787
14.10.2021 01:00:00.000 GMT+0100,23.346,23.457,22.786,22.827,2470.052
15.10.2021 01:00:00.000 GMT+0100,22.597,22.887,22.176,22.806,2697.0544
16.10.2021 01:00:00.000 GMT+0100,22.806,22.806,22.806,22.806,0
17.10.2021 01:00:00.000 GMT+0100,22.806,22.806,22.806,22.806,0
18.10.2021 01:00:00.000 GMT+0100,23.137,23.206,22.326,22.336,3337.0933
19.10.2021 01:00:00.000 GMT+0100,22.216,22.377,22.016,22.156,1885.053
20.10.2021 01:00:00.000 GMT+0100,22.176,22.247,21.866,21.936,1302.0369
21.10.2021 01:00:00.000 GMT+0100,22.086,22.187,21.196,21.227,1367.0436
22.10.2021 01:00:00.000 GMT+0100,21.287,22.187,21.056,21.677,7821.1733
23.10.2021 01:00:00.000 GMT+0100,21.677,21.677,21.677,21.677,0
24.10.2021 01:00:00.000 GMT+0100,21.677,21.677,21.677,21.677,0
25.10.2021 01:00:00.000 GMT+0100,21.496,21.897,21.016,21.046,3329.0916
26.10.2021 01:00:00.000 GMT+0100,20.786,21.926,20.776,21.457,5985.2324
27.10.2021 01:00:00.000 GMT+0100,21.366,22.026,20.906,21.926,7065.2017
28.10.2021 01:00:00.000 GMT+0100,21.567,21.657,21.186,21.236,4821.1382
29.10.2021 01:00:00.000 GMT+0100,21.796,21.836,21.296,21.407,4425.1201
30.10.2021 01:00:00.000 GMT+0100,21.407,21.407,21.407,21.407,0
31.10.2021 01:00:00.000 GMT+0100,21.407,21.407,21.407,21.407,0
01.11.2021 00:00:00.000 GMT-0000,21.237,21.876,21.046,21.087,4998.1592
02.11.2021 00:00:00.000 GMT-0000,21.046,21.047,20.517,20.527,1663.0428
03.11.2021 00:00:00.000 GMT-0000,20.566,20.687,19.646,19.797,4187.1289
04.11.2021 00:00:00.000 GMT-0000,19.586,20.376,19.467,20.106,4320.1304
05.11.2021 00:00:00.000 GMT-0000,19.886,20.916,19.816,20.817,5738.1543
06.11.2021 00:00:00.000 GMT-0000,20.817,20.817,20.817,20.817,0
07.11.2021 00:00:00.000 GMT-0000,20.817,20.817,20.817,20.817,0
08.11.2021 00:00:00.000 GMT-0000,20.506,21.237,20.437,20.827,3977.0969
09.11.2021 00:00:00.000 GMT-0000,21.007,21.717,20.966,21.187,10076.1904
10.11.2021 00:00:00.000 GMT-0000,21.647,22.107,20.816,21.536,13520.2627
11.11.2021 00:00:00.000 GMT-0000,21.066,21.337,20.676,21.127,5050.2349
12.11.2021 00:00:00.000 GMT-0000,20.766,20.937,20.276,20.357,3531.1375
13.11.2021 00:00:00.000 GMT-0000,20.357,20.357,20.357,20.357,0
14.11.2021 00:00:00.000 GMT-0000,20.357,20.357,20.357,20.357,0
15.11.2021 00:00:00.000 GMT-0000,20.117,20.786,20.096,20.127,5448.3882
16.11.2021 00:00:00.000 GMT-0000,20.276,20.287,19.856,20.207,2314.1995
17.11.2021 00:00:00.000 GMT-0000,20.126,20.547,20.007,20.477,5390.3647
18.11.2021 00:00:00.000 GMT-0000,20.316,20.967,20.216,20.697,5452.3979
19.11.2021 00:00:00.000 GMT-0000,20.807,21.187,20.506,20.956,6826.4688
20.11.2021 00:00:00.000 GMT-0000,20.956,20.956,20.956,20.956,0
21.11.2021 00:00:00.000 GMT-0000,20.956,20.956,20.956,20.956,0
22.11.2021 00:00:00.000 GMT-0000,20.496,21.407,20.406,21.356,6350.4453
23.11.2021 00:00:00.000 GMT-0000,21.337,21.737,20.767,20.767,15378.6738
24.11.2021 00:00:00.000 GMT-0000,21.356,21.717,20.416,20.467,9419.6348
25.11.2021 00:00:00.000 GMT-0000,20.467,20.467,20.467,20.467,0
26.11.2021 00:00:00.000 GMT-0000,22.926,25.197,22.616,24.916,19132.8066
27.11.2021 00:00:00.000 GMT-0000,24.916,24.916,24.916,24.916,0
28.11.2021 00:00:00.000 GMT-0000,24.916,24.916,24.916,24.916,0
29.11.2021 00:00:00.000 GMT-0000,23.147,23.347,21.626,22.266,13265.8936
30.11.2021 00:00:00.000 GMT-0000,23.487,25.507,23.017,25.347,40391.4375
01.12.2021 00:00:00.000 GMT-0000,23.606,27.357,22.747,27.357,34144.7031
02.12.2021 00:00:00.000 GMT-0000,26.407,26.947,25.166,25.696,46807.668
03.12.2021 00:00:00.000 GMT-0000,25.467,30.137,25.297,27.986,68272.7969
04.12.2021 00:00:00.000 GMT-0000,27.986,27.986,27.986,27.986,0
05.12.2021 00:00:00.000 GMT-0000,27.986,27.986,27.986,27.986,0
06.12.2021 00:00:00.000 GMT-0000,26.946,27.927,25.636,25.716,36.902
07.12.2021 00:00:00.000 GMT-0000,24.277,24.277,22.596,22.907,7855.1914
08.12.2021 00:00:00.000 GMT-0000,22.696,22.987,21.527,21.587,9671.0322
09.12.2021 00:00:00.000 GMT-0000,21.576,22.627,21.226,22.167,10942.4971
10.12.2021 00:00:00.000 GMT-0000,21.117,21.827,20.746,20.777,9723.2695
11.12.2021 00:00:00.000 GMT-0000,20.777,20.777,20.777,20.777,0
12.12.2021 00:00:00.000 GMT-0000,20.777,20.777,20.777,20.777,0
13.12.2021 00:00:00.000 GMT-0000,20.967,21.837,20.926,21.587,14167.9297
14.12.2021 00:00:00.000 GMT-0000,22.326,22.997,21.717,21.907,14472.54
15.12.2021 00:00:00.000 GMT-0000,22.117,22.986,20.346,20.417,25088.418
16.12.2021 00:00:00.000 GMT-0000,20.056,21.966,19.956,21.296,20495.2617
17.12.2021 00:00:00.000 GMT-0000,22.097,22.616,21.116,21.946,25265.3066
18.12.2021 00:00:00.000 GMT-0000,21.946,21.946,21.946,21.946,0
19.12.2021 00:00:00.000 GMT-0000,21.946,21.946,21.946,21.946,0
20.12.2021 00:00:00.000 GMT-0000,23.986,24.856,22.596,22.756,31111.4121
21.12.2021 00:00:00.000 GMT-0000,22.016,22.556,21.407,21.667,9025.1563
22.12.2021 00:00:00.000 GMT-0000,21.576,21.597,20.386,20.397,5590.1118
23.12.2021 00:00:00.000 GMT-0000,20.196,20.267,19.946,20.166,1978.051
24.12.2021 00:00:00.000 GMT-0000,20.166,20.166,20.166,20.166,0
25.12.2021 00:00:00.000 GMT-0000,20.166,20.166,20.166,20.166,0
26.12.2021 00:00:00.000 GMT-0000,20.166,20.166,20.166,20.166,0
27.12.2021 00:00:00.000 GMT-0000,20.006,20.276,19.596,19.687,1909.0405
28.12.2021 00:00:00.000 GMT-0000,19.556,19.767,19.196,19.196,4666.123
29.12.2021 00:00:00.000 GMT-0000,19.156,19.377,18.546,18.707,3688.1086
30.12.2021 00:00:00.000 GMT-0000,18.596,18.866,18.276,18.687,2335.0637
31.12.2021 00:00:00.000 GMT-0000,18.637,18.846,18.366,18.526,3875.0938
